date,PC1,PC2,PC3,delta_PC1,delta_PC2,delta_PC3
1986-01-01,5.581426819486361,-0.16937476026203627,0.7899364049047441,,,
1986-02-01,5.350647423078289,0.47835433928975507,0.17867116218721615,-0.23077939640807177,0.6477290995517914,-0.611265242717528
1986-03-01,5.240088305754143,0.3375753396079035,0.8153493087185135,-0.11055911732414625,-0.1407789996818516,0.6366781465312974
1986-04-01,5.0287724405236265,0.42410965781911936,0.520819581317108,-0.2113158652305165,0.08653431821121588,-0.2945297274014055
1986-05-01,4.885682026789353,0.7218849944253046,-0.6485617494076032,-0.14309041373427345,0.29777533660618527,-1.1693813307247112
1986-06-01,5.133275184046596,0.6032303043558527,0.3488544536504938,0.24759315725724296,-0.11865469006945195,0.9974162030580971
1986-07-01,4.7961257201704885,0.8128149876816854,-0.3987585463569983,-0.33714946387610745,0.2095846833258327,-0.7476130000074921
1986-08-01,4.72604604173066,0.6666101736457553,-0.4366238566592929,-0.07007967843982854,-0.1462048140359301,-0.037865310302294564
1986-09-01,4.595417213592679,0.52094416223079,-0.09809148589685282,-0.13062882813798105,-0.14566601141496527,0.33853237076244
1986-10-01,4.718094197020347,0.49913597849846286,0.197154591822682,0.12267698342766842,-0.021808183732327124,0.2952460777195348
1986-11-01,4.5450967830442375,0.7737915379293575,-0.3834066989792737,-0.1729974139761099,0.27465555943089465,-0.5805612908019557
1986-12-01,4.649388206809398,0.06355118572844302,-0.5944106313473959,0.10429142376516065,-0.7102403522009145,-0.2110039323681222
1987-01-01,4.6126696295217195,0.32448621537478256,-0.0557291526611014,-0.03671857728767858,0.2609350296463395,0.5386814786862946
1987-02-01,4.493542514237958,0.35115868869034333,-0.40312037908679144,-0.11912711528376185,0.026672473315560774,-0.34739122642569004
1987-03-01,4.4208704530026735,0.45897130063319297,-0.23964518792321762,-0.07267206123528425,0.10781261194284963,0.1634751911635738
1987-04-01,4.733880454001482,-0.3867256882223106,0.34492075673405465,0.3130100009988084,-0.8456969888555036,0.5845659446572723
1987-05-01,4.808906068402171,0.2736611407744617,-0.13369472968920726,0.07502561440068956,0.6603868289967723,-0.4786154864232619
1987-06-01,4.602649790026717,0.5478422145750229,-0.7593121869446421,-0.20625627837545402,0.2741810738005612,-0.6256174572554348
1987-07-01,4.678573957931384,0.22434709698421335,-0.233701851278211,0.07592416790466672,-0.32349511759080957,0.5256103356664311
1987-08-01,4.856811850871583,-0.13060539556651543,0.5063572877327371,0.17823789294019932,-0.3549524925507288,0.7400591390109481
1987-09-01,5.050139495734256,-0.23128268991890846,0.5969500981542311,0.19332764486267262,-0.10067729435239303,0.09059281042149392
1987-10-01,5.235036084770986,-0.1633484568813812,1.2825082589962589,0.18489658903672979,0.06793423303752727,0.6855581608420278
1987-11-01,4.777966018734708,0.08992245306021267,0.007814112731307915,-0.45707006603627764,0.25327090994159385,-1.274694146264951
1987-12-01,4.818150483451559,0.1654120445141575,0.47331892918387486,0.040184464716850776,0.07548959145394483,0.4655048164525669
1988-01-01,4.77401564895341,0.1216447764002238,1.1387726535078926,-0.04413483449814937,-0.04376726811393371,0.6654537243240177
1988-02-01,4.5452599992480565,0.2447590320061414,0.6631412073258638,-0.22875564970535311,0.12311425560591761,-0.4756314461820288
1988-03-01,4.703640756172908,-0.1583147082736412,0.7912105528901341,0.15838075692485187,-0.4030737402797826,0.1280693455642703
1988-04-01,4.95005047329229,-0.49619257086418933,1.3479846889591016,0.24640971711938153,-0.33787786259054814,0.5567741360689675
1988-05-01,4.768476629508063,0.12308091219419373,0.7920221132401333,-0.1815738437842267,0.619273483058383,-0.5559625757189683
1988-06-01,4.921002235795788,-0.21978616892988564,1.128377039297105,0.1525256062877247,-0.3428670811240794,0.3363549260569718
1988-07-01,4.775850208067634,-0.07161656994255806,0.745530067488104,-0.1451520277281535,0.14816959898732757,-0.38284697180900107
1988-08-01,4.9752906970347315,-0.2658723529833962,1.08740861335253,0.1994404889670971,-0.19425578304083813,0.341878545864426
1988-09-01,5.024613835297051,-0.38666186677090336,1.479976037758048,0.049323138262319155,-0.12078951378750719,0.39256742440551795
1988-10-01,4.887420155505095,-0.30152397127212616,1.0088478240363563,-0.13719367979195596,0.0851378954987772,-0.47112821372169167
1988-11-01,4.823156718957931,-0.29704050646151114,1.0828150277527933,-0.06426343654716327,0.004483464810615012,0.07396720371643695
1988-12-01,4.988373698772821,-0.5090838936206343,0.9595511682465709,0.1652169798148897,-0.2120433871591232,-0.12326385950622232
1989-01-01,5.161173585149479,-0.6561578014729859,1.156760178457731,0.17279988637665777,-0.14707390785235153,0.1972090102111601
1989-02-01,5.034504299324591,-0.4573716208281405,1.2323029565196342,-0.1266692858248879,0.19878618064484538,0.07554277806190313
1989-03-01,5.097589728140107,-0.3508798699967124,1.4787279598864935,0.0630854288155156,0.10649175083142809,0.24642500336685935
1989-04-01,5.0587406747475425,-0.37166753749962494,1.2245284814235835,-0.03884905339256406,-0.020787667502912555,-0.25419947846291
1989-05-01,4.996153946400847,-0.4764621106280096,1.8757964267488996,-0.06258672834669543,-0.10479457312838464,0.6512679453253161
1989-06-01,4.672212360842301,-0.17561664760977683,1.3662735576784915,-0.32394158555854613,0.3008454630182328,-0.5095228690704081
1989-07-01,4.560661740162482,-0.2900132479409469,1.5386218923902792,-0.11155062067981891,-0.11439660033117008,0.1723483347117878
1989-08-01,4.3630355009208195,-0.12478319358500452,0.955080065028842,-0.19762623924166256,0.1652300543559424,-0.5835418273614372
1989-09-01,4.390971205360328,0.23097475957934538,0.8560504123320468,0.02793570443950877,0.3557579531643499,-0.0990296526967952
1989-10-01,4.556522020799302,-0.22324335438125467,1.8408760573962828,0.16555081543897376,-0.4542181139606001,0.984825645064236
1989-11-01,4.342840091311142,-0.042440132466514735,1.1409984901351353,-0.21368192948816045,0.18080322191473994,-0.6998775672611475
1989-12-01,4.230964431815097,0.15902349216491996,1.289579321097205,-0.11187565949604483,0.2014636246314347,0.14858083096206975
1990-01-01,4.395848463490193,-0.49042399009581766,1.2211393839503422,0.16488403167509613,-0.6494474822607377,-0.06843993714686292
1990-02-01,4.365534492782438,-0.12243457993582647,1.3082754698590304,-0.030313970707754656,0.3679894101599912,0.08713608590868827
1990-03-01,4.647984122300492,-0.4972341051189926,2.6999891462838055,0.2824496295180534,-0.3747995251831661,1.391713676424775
1990-04-01,4.385469142563508,0.07279666746790195,1.7380294472427427,-0.26251497973698346,0.5700307725868945,-0.9619596990410628
1990-05-01,4.398120236316553,0.1815783569457894,1.4810456782412484,0.012651093753044407,0.10878168947788744,-0.2569837690014942
1990-06-01,4.429208575911988,-0.12447944892398367,2.5717835013492905,0.031088339595435777,-0.30605780586977305,1.090737823108042
1990-07-01,4.4004776676884365,-0.00020911342405323974,2.510534578016336,-0.028730908223551843,0.12427033549993044,-0.06124892333295451
1990-08-01,4.42247837381466,-0.09197428834105778,2.833722934787055,0.022000706126223513,-0.09176517491700455,0.3231883567707192
1990-09-01,4.204850989107279,0.5513826178239466,1.29726661174382,-0.21762738470738086,0.6433569061650044,-1.536456323043235
1990-10-01,4.063464263285021,0.6737723018130405,1.45005216687248,-0.14138672582225809,0.12238968398909389,0.15278555512865988
1990-11-01,3.833269651520285,1.007816679084399,0.7052434299609823,-0.2301946117647362,0.3340443772713585,-0.7448087369114976
1990-12-01,3.641517757418,1.3027370407383743,1.3910947642942746,-0.19175189410228466,0.2949203616539753,0.6858513343332923
1991-01-01,3.9142160448366035,1.0171468248255926,3.348293163295868,0.27269828741860325,-0.28559021591278166,1.9571983990015933
1991-02-01,3.5551117910364716,1.4551477324251645,1.9555239098429282,-0.3591042538001319,0.4380009075995719,-1.3927692534529397
1991-03-01,3.3471641514779193,1.8711695311973722,0.5460561887413925,-0.20794763955855222,0.4160217987722077,-1.4094677211015356
1991-04-01,3.3035964902965596,1.8801119327902953,0.6736724284645996,-0.043567661181359796,0.008942401592923144,0.12761623972320713
1991-05-01,3.4098036525491797,1.8106380734704983,1.033104557019024,0.10620716225262017,-0.069473859319797,0.3594321285544244
1991-06-01,3.5014101613688697,1.7432478502058841,1.0480018422248345,0.09160650881969001,-0.06739022326461419,0.014897285205810462
1991-07-01,3.5640983558749575,1.4940937690602818,1.3490812426066652,0.06268819450608776,-0.24915408114560234,0.3010794003818307
1991-08-01,3.4302604446253,1.6851855179426525,1.2213392506775596,-0.13383791124965727,0.19109174888237068,-0.12774199192910562
1991-09-01,3.45061658792173,1.4188500781528872,1.4195560073953375,0.020356143296429874,-0.26633543978976526,0.19821675671777794
1991-10-01,3.0969579277123627,2.0003794085370963,0.5006964344448749,-0.3536586602093674,0.5815293303842091,-0.9188595729504626
1991-11-01,3.0870983688742015,1.8875473413670512,0.9286462082334177,-0.009859558838161142,-0.11283206717004512,0.4279497737885428
1991-12-01,2.981907722121501,2.0825148611688684,1.1863509383078497,-0.10519064675270062,0.19496751980181726,0.25770473007443195
1992-01-01,2.8380985665288496,2.0156242597979026,0.7543237261698693,-0.14380915559265128,-0.06689060137096581,-0.43202721213798034
1992-02-01,2.9844670467276755,2.068961545884864,0.3367132183934857,0.14636848019882587,0.0533372860869612,-0.4176105077763836
1992-03-01,3.157998744635249,1.6819195352877236,0.9408581701653784,0.1735316979075736,-0.38704201059714016,0.6041449517718926
1992-04-01,3.027181635394378,2.009411113641023,0.9333396325078034,-0.13081710924087098,0.32749157835329923,-0.007518537657575042
1992-05-01,2.9673419767732865,2.1022285576492963,0.023708712389102757,-0.05983965862109164,0.09281744400827341,-0.9096309201187006
1992-06-01,2.896828585862358,2.127901236818847,0.44608470926705673,-0.07051339091092856,0.025672679169550516,0.42237599687795396
1992-07-01,2.813710168466574,1.9467078105590525,0.4077763569700794,-0.08311841739578396,-0.1811934262597943,-0.03830835229697732
1992-08-01,2.600411837073857,2.1162989762738404,0.08373689058784825,-0.2132983313927168,0.16959116571478794,-0.32403946638223113
1992-09-01,2.4658226131415844,2.2236208779940454,-0.3657659182976953,-0.1345892239322728,0.10732190172020495,-0.4495028088855435
1992-10-01,2.7935432503920374,1.2836571718674383,1.3113726009752718,0.3277206372504531,-0.9399637061266071,1.677138519272967
1992-11-01,2.7898520578800743,1.523419043526602,0.44379997294657797,-0.0036911925119631483,0.23976187165916363,-0.8675726280286937
1992-12-01,2.6993826688485996,2.034225271364148,0.15731772505317937,-0.09046938903147472,0.5108062278375463,-0.2864822478933986
1993-01-01,2.7769177105261327,1.560777061799034,0.8567061266973324,0.07753504167753311,-0.47344820956511424,0.699388401644153
1993-02-01,2.567660299225228,1.6038237347092126,0.22083228258631152,-0.20925741130090447,0.04304667291017861,-0.6358738441110209
1993-03-01,2.236289199049389,2.1302704591370625,-0.2681548868971037,-0.33137110017583904,0.5264467244278499,-0.48898716948341525
1993-04-01,2.5993114534158934,1.3307539974176057,0.8307700893689712,0.36302225436650426,-0.7995164617194568,1.0989249762660749
1993-05-01,2.3575843340610683,1.5991402447400338,0.31412338852145616,-0.24172711935482516,0.2683862473224281,-0.5166467008475151
1993-06-01,2.413282899537161,1.4226258583541553,0.10015969550086923,0.05569856547609264,-0.17651438638587846,-0.21396369302058693
1993-07-01,2.134663575849599,1.794917720692447,-0.5918962302543126,-0.27861932368756204,0.3722918623382916,-0.6920559257551818
1993-08-01,2.3519234797678608,1.2216614844601932,0.049826743651927505,0.2172599039182619,-0.5732562362322537,0.6417229739062401
1993-09-01,2.2229904930114444,1.227616685137322,-0.18815463213986183,-0.1289329867564164,0.005955200677128847,-0.23798137579178935
1993-10-01,2.268373495034764,0.9886476362337318,-0.2374283471520874,0.04538300202331946,-0.23896904890359028,-0.04927371501222558
1993-11-01,2.366814864946264,0.8218917835623516,0.06187072706136529,0.09844136991150032,-0.16675585267138016,0.2992990742134527
1993-12-01,2.507343271089699,0.8366745416786182,0.20016144173076256,0.14052840614343465,0.014782758116266614,0.13829071466939727
1994-01-01,2.2393935374851757,1.2151442185623775,-0.3851955564055663,-0.2679497336045231,0.3784696768837593,-0.5853569981363289
1994-02-01,2.362952820190963,0.7703908552388945,-0.16143355127100548,0.12355928270578742,-0.44475336332348303,0.22376200513456082
1994-03-01,2.5906405039518297,0.5521250435409749,-0.12354106064200739,0.22768768376086657,-0.2182658116979196,0.03789249062899809
1994-04-01,2.7779992631983825,0.5637049555325755,-0.5961923313406673,0.18735875924655288,0.011579911991600578,-0.4726512706986599
1994-05-01,2.887385828547969,0.41317304628371243,-0.5210818919344692,0.10938656534958646,-0.15053190924886306,0.0751104394061981
1994-06-01,2.8729250887857583,0.4006441409028703,-0.03460759535410571,-0.01446073976221074,-0.012528905380842115,0.48647429658036345
1994-07-01,2.861778491300154,0.6087161675321019,-0.4215344737579849,-0.011146597485604204,0.20807202662923158,-0.3869268784038792
1994-08-01,3.005658175693677,0.002549558201898295,0.5016511501379594,0.14387968439352283,-0.6061666093302036,0.9231856238959443
1994-09-01,2.9462462540263163,0.16155128304272343,-0.2785236656583911,-0.059411921667360534,0.15900172484082514,-0.7801748157963504
1994-10-01,3.0153608215772634,0.18369488559763902,-0.1961669928515525,0.06911456755094703,0.022143602554915598,0.08235667280683859
1994-11-01,3.272116034955792,-0.22991190845179016,0.41180693281110586,0.2567552133785287,-0.4136067940494292,0.6079739256626584
1994-12-01,3.072039751004208,0.13149861762707107,-0.6107600898520639,-0.20007628395158417,0.36141052607886126,-1.0225670226631698
1995-01-01,3.4609156169910262,-0.4333583665804026,1.174123333127275,0.38887586598681834,-0.5648569842074737,1.7848834229793389
1995-02-01,3.1195720853369653,0.08150224882899462,0.6038477615513108,-0.34134353165406095,0.5148606154093972,-0.5702755715759641
1995-03-01,3.1051988394521066,-0.11724918262281352,0.8572634158189515,-0.014373245884858665,-0.19875143145180812,0.2534156542676407
1995-04-01,2.9537076900700723,0.11159255945724937,0.5890270635030891,-0.15149114938203434,0.2288417420800629,-0.2682363523158624
1995-05-01,2.786083089707338,0.2258913194537155,0.1101328458690313,-0.1676246003627342,0.11429875999646612,-0.4788942176340578
1995-06-01,2.5488277699379003,0.3434622295283135,0.06863714980447735,-0.2372553197694378,0.11757091007459802,-0.041495696064553944
1995-07-01,2.609324603005128,0.13736919954814772,-0.13766689146826686,0.06049683306722775,-0.2060930299801658,-0.2063040412727442
1995-08-01,2.6581272855428777,0.16390899650564483,0.046447725958547695,0.048802682537749664,0.026539796957497114,0.18411461742681456
1995-09-01,2.6696367402870225,0.031968173090751846,0.4301012747450683,0.011509454744144776,-0.131940823414893,0.38365354878652064
1995-10-01,2.6181656493424557,-0.013963535226509149,0.4536418863303535,-0.05147109094456681,-0.045931708317261,0.023540611585285198
1995-11-01,2.487176270135741,0.06263538336355635,-0.2833503827324541,-0.1309893792067145,0.0765989185900655,-0.7369922690628077
1995-12-01,2.1852277889959986,0.4938669654639555,-0.8665273006851271,-0.3019484811397426,0.43123158210039914,-0.5831769179526729
1996-01-01,2.46444930666637,-0.11663579913448642,0.2059170211417044,0.2792215176703716,-0.6105027645984419,1.0724443218268314
1996-02-01,2.3328812704332735,-0.02873298207055494,0.017404989957009953,-0.13156803623309665,0.08790281706393148,-0.18851203118469445
1996-03-01,2.3883421952220836,0.08328831958618706,-0.2786149038220373,0.05546092478881004,0.112021301656742,-0.29601989377904725
1996-04-01,2.4446375600533967,-0.05433575798883394,-0.45880814802134395,0.056295364831313144,-0.137624077575021,-0.18019324419930666
1996-05-01,2.6474611148516027,-0.2196713836795275,0.004174799597465844,0.20282355479820602,-0.16533562569069354,0.4629829476188098
1996-06-01,2.673618422794422,-0.22843565958876008,-0.06984271951951684,0.02615730794281923,-0.008764275909232594,-0.07401751911698269
1996-07-01,2.634927224546981,-0.3045764160453911,0.07078731896458117,-0.03869119824744116,-0.07614075645663101,0.140630038484098
1996-08-01,2.5596218496475918,-0.4166353750441618,-0.3591428777777937,-0.07530537489938904,-0.11205895899877072,-0.42993019674237487
1996-09-01,2.654099767194776,-0.41725293577995776,0.3039329050893098,0.09447791754718438,-0.0006175607357959412,0.6630757828671034
1996-10-01,2.375283684050927,-0.17569633212821914,-0.1807273373453574,-0.2788160831438491,0.24155660365173862,-0.4846602424346672
1996-11-01,2.3946581410584695,-0.3144251445298225,-0.0857363128007853,0.019374457007542478,-0.13872881240160337,0.0949910245445721
1996-12-01,2.245346958020292,-0.11220046691610057,-0.5300002173167288,-0.14931118303817748,0.20222467761372193,-0.44426390451594344
1997-01-01,2.2702934922289173,-0.08759432125450516,-0.2918185022970558,0.02494653420862525,0.024606145661595413,0.23818171501967295
1997-02-01,2.345381047927548,-0.4074387939779225,-0.6855333354312158,0.07508755569863057,-0.3198444727234173,-0.39371483313415995
1997-03-01,2.439031307394971,-0.5067745019773494,0.015821955894932824,0.09365025946742334,-0.09933570799942693,0.7013552913261486
1997-04-01,2.4766831331652894,-0.5173950827959033,-0.10302646530503848,0.037651825770318226,-0.010620580818553882,-0.1188484211999713
1997-05-01,2.384885196150148,-0.3883348681450972,-0.16273218897723363,-0.0917979370151416,0.12906021465080608,-0.05970572367219515
1997-06-01,2.248416721512783,-0.2815800558202491,-0.30955510110250717,-0.13646847463736478,0.10675481232484813,-0.14682291212527354
1997-07-01,2.1709084091131747,-0.3559662141721451,-0.23915698299471322,-0.07750831239960831,-0.07438615835189599,0.07039811810779395
1997-08-01,2.0682607603935077,-0.24054425643995572,-0.6332095609961892,-0.10264764871966703,0.11542195773218936,-0.394052578001476
1997-09-01,2.2552385536321147,-0.654380684577747,-0.4112346178214531,0.18697779323860697,-0.4138364281377913,0.2219749431747361
1997-10-01,2.2563240640728623,-0.77920165560829,0.005200208464024279,0.0010855104407476723,-0.12482097103054302,0.4164348262854774
1997-11-01,2.1316239720743977,-0.6687797747168984,-0.4186244647277419,-0.12470009199846466,0.1104218808913916,-0.4238246731917662
1997-12-01,2.1645888072510386,-0.8036437054625195,-0.18328255529920454,0.03296483517664095,-0.13486393074562109,0.23534190942853736
1998-01-01,2.0577341728074754,-0.5640262430793829,0.03636068354223005,-0.10685463444356325,0.23961746238313664,0.21964323884143458
1998-02-01,2.001534831314882,-0.6416923514154065,-0.4231643902304299,-0.0561993414925932,-0.07766610833602361,-0.45952507377265994
1998-03-01,2.077741664159844,-0.7002225585665567,-0.14150125054316928,0.07620683284496188,-0.058530207151150204,0.28166313968726064
1998-04-01,2.0225290504596907,-0.7649908954053575,-0.33426767438193977,-0.0552126137001534,-0.06476833683880079,-0.1927664238387705
1998-05-01,1.9740307980992484,-0.7122166626545402,-0.40801884680021006,-0.04849825236044225,0.052774232750817274,-0.07375117241827028
1998-06-01,1.9202829505353365,-0.6700122540071536,-0.7161755100334295,-0.05374784756391193,0.042204408647386615,-0.30815666323321944
1998-07-01,1.9061114667325936,-0.8138314303535124,-0.7242093692411068,-0.014171483802742912,-0.14381917634635877,-0.008033859207677296
1998-08-01,1.872347080241194,-0.7290011475434732,-0.7671729537476226,-0.03376438649139968,0.08483028281003913,-0.04296358450651583
1998-09-01,1.6927874318306069,-0.6188153332539597,-0.7019894075541675,-0.17955964841058702,0.11018581428951357,0.06518354619345512
1998-10-01,1.582090705665505,-0.8297713330041191,-0.7489352756191804,-0.11069672616510196,-0.21095599975015944,-0.046945868065012886
1998-11-01,1.622592049384675,-0.8659151488428974,-1.0219703048359252,0.040501343719170135,-0.03614381583877835,-0.27303502921674483
1998-12-01,1.5127712529496846,-0.8515173576712959,-1.1034567397825525,-0.10982079643499043,0.01439779117160156,-0.08148643494662733
1999-01-01,1.6061570950238502,-1.0543691726584734,-0.919411757086316,0.09338584207416556,-0.20285181498717753,0.1840449826962366
1999-02-01,1.456380609770355,-0.6665989882044047,-1.132510009506071,-0.14977648525349507,0.38777018445406874,-0.213098252419755
1999-03-01,1.717063844664167,-1.151941466482804,-1.124332647309942,0.26068323489381195,-0.4853424782783994,0.008177362196128968
1999-04-01,1.5852769661649955,-0.9959900767873594,-0.8615315912849623,-0.1317868784991716,0.15595138969544464,0.2628010560249797
1999-05-01,1.5765198113929795,-1.0130563661404373,-1.4388210680869147,-0.008757154772015996,-0.017066289353077857,-0.5772894768019524
1999-06-01,1.6472050021504243,-0.9138509079591609,-1.5562316786372095,0.07068519075744484,0.09920545818127635,-0.11741061055029478
1999-07-01,1.8360315719198792,-1.3157604335140811,-0.7006098959240725,0.1888265697694549,-0.4019095255549202,0.8556217827131369
1999-08-01,1.786772633323001,-1.1249917070341062,-1.1566887765598077,-0.04925893859687824,0.1907687264799749,-0.4560788806357352
1999-09-01,1.7282826307192787,-1.2097155731298053,-1.3902894691970582,-0.05849000260372228,-0.08472386609569904,-0.23360069263725047
1999-10-01,1.7828104391565134,-1.3093388982521657,-0.9248349319516973,0.054527808437234704,-0.09962332512236038,0.4654545372453609
1999-11-01,1.8404272191617626,-1.5497901333834307,-0.4982640565330042,0.05761678000524917,-0.2404512351312651,0.4265708754186931
1999-12-01,1.8356180115363183,-1.6000430186777599,-1.1176397281637673,-0.004809207625444234,-0.05025288529432914,-0.6193756716307631
2000-01-01,1.9548690305121683,-1.7680366658354183,0.09703995829972553,0.11925101897585,-0.1679936471576584,1.2146796864634928
2000-02-01,1.8829682250079633,-1.6567764963556484,-1.1288675910908121,-0.07190080550420497,0.11126016947976991,-1.2259075493905376
2000-03-01,1.9186190954906501,-1.8115778632582071,-0.5210097599487103,0.03565087048268678,-0.15480136690255875,0.6078578311421018
2000-04-01,1.6763131692632376,-1.4992094525666353,-1.140709136401042,-0.24230592622741254,0.31236841069157184,-0.6196993764523316
2000-05-01,1.9611322633040322,-1.7429601978276361,-0.38913616596127937,0.28481909404079464,-0.24375074526100082,0.7515729704397627
2000-06-01,1.7881605935116311,-1.500647978414366,-0.3931487599882404,-0.17297166979240108,0.24231221941327008,-0.004012594026961025
2000-07-01,1.6875756350564275,-1.3300011005370622,-0.14289023268346504,-0.10058495845520365,0.17064687787730382,0.2502585273047754
2000-08-01,1.7337121890092333,-1.4946851673852954,-0.09426502876178333,0.0461365539528058,-0.16468406684823322,0.04862520392168171
2000-09-01,1.4721234441179931,-1.293053522384016,-0.820737360469953,-0.2615887448912402,0.2016316450012794,-0.7264723317081697
2000-10-01,1.442948134224146,-1.3711103923257213,-0.5854614256369035,-0.0291753098938472,-0.07805686994170524,0.23527593483304954
2000-11-01,1.4130822805947791,-1.3744391878181963,-0.6551750327058958,-0.02986585362936678,-0.0033287954924750007,-0.06971360706899232
2000-12-01,1.351500985543971,-1.4051032668027423,-0.39663513198289463,-0.061581295050808116,-0.03066407898454604,0.2585399007230012
2001-01-01,1.0842580439384895,-1.2082964370739324,-0.4048919283667338,-0.26724294160548157,0.19680682972880992,-0.008256796383839193
2001-02-01,1.0219780528741125,-1.1793973207891466,-0.6720846981682286,-0.06227999106437698,0.02889911628478581,-0.26719276980149476
2001-03-01,0.9272410020413854,-0.9536085141845961,-0.6089139209029895,-0.0947370508327271,0.22578880660455047,0.06317077726523912
2001-04-01,0.8943935449139219,-1.0579580053462145,-0.776931625389563,-0.03284745712746351,-0.1043494911616184,-0.1680177044865735
2001-05-01,0.7968896475897987,-0.9207775264561772,-0.8121179636420548,-0.09750389732412312,0.13718047889003737,-0.035186338252491844
2001-06-01,0.9375004723674483,-1.247079194114571,-0.42231459419535605,0.14061082477764952,-0.32630166765839375,0.38980336944669874
2001-07-01,0.7637288325835618,-0.7752570241937298,-0.8621895076408308,-0.17377163978388643,0.47182216992084114,-0.43987491344547475
2001-08-01,0.7910122859209356,-0.6048130098319662,-0.24893922622219233,0.02728345333737381,0.1704440143617636,0.6132502814186385
2001-09-01,0.5583385435867623,-0.2556688410037445,-0.5526102831453062,-0.23267374233417337,0.3491441688282217,-0.3036710569231139
2001-10-01,0.36991465585437394,-0.5395290740421238,-1.0908274450409574,-0.18842388773238833,-0.2838602330383793,-0.5382171618956512
2001-11-01,0.2993494538619756,-0.3834220995786613,-1.047803519592405,-0.07056520199239835,0.1561069744634625,0.04302392544855249
2001-12-01,0.288532940796898,-0.22123156745791642,-1.5865807559147231,-0.010816513065077582,0.16219053212074488,-0.5387772363223182
2002-01-01,0.46811988840856356,-0.24017018645291735,-1.09886802662146,0.17958694761166555,-0.018938618995000933,0.48771272929326304
2002-02-01,0.3991875589213488,-0.42123323017468206,-1.3834175812635516,-0.06893232948721478,-0.1810630437217647,-0.28454955464209153
2002-03-01,0.30531611393793767,0.03144622350252569,-1.4590861937526058,-0.0938714449834111,0.45267945367720774,-0.07566861248905421
2002-04-01,0.4317267885902286,-0.10716292312137238,-1.104462689612506,0.12641067465229094,-0.13860914662389806,0.3546235041400998
2002-05-01,0.44428376069794306,-0.34967380699841694,-1.238782350754755,0.012556972107714448,-0.24251088387704456,-0.13431966114224902
2002-06-01,0.2792880893333645,-0.08390625782802771,-1.4366120863738674,-0.16499567136457854,0.26576754917038925,-0.19782973561911232
2002-07-01,0.3311033848536462,-0.27152313888494384,-1.0586570138761213,0.05181529552028169,-0.18761688105691612,0.37795507249774607
2002-08-01,0.1640878917292228,-0.30474348769333126,-1.4336380836466565,-0.1670154931244234,-0.03322034880838742,-0.37498106977053514
2002-09-01,0.028320335908158835,-0.24427260012352975,-1.7148204169494137,-0.13576755582106398,0.06047088756980151,-0.2811823333027572
2002-10-01,-0.06461340272651867,-0.1480583322737716,-1.2928685694163349,-0.09293373863467749,0.09621426784975814,0.4219518475330788
2002-11-01,0.05466663256073251,-0.2970612985182469,-1.5392181659456294,0.11928003528725117,-0.14900296624447532,-0.24634959652929456
2002-12-01,-0.001517804908539121,-0.25997137988045455,-1.6164682876798186,-0.05618443746927163,0.037089918637792374,-0.07725012173418921
2003-01-01,-0.0007130786114228404,-0.44341761642412836,-1.5820833965154149,0.0008047262971162807,-0.1834462365436738,0.0343848911644038
2003-02-01,-0.14733231613955838,-0.1462532342614674,-1.6889856843531021,-0.14661923752813555,0.29716438216266094,-0.1069022878376873
2003-03-01,-0.2705440775406644,-0.09956366819221983,-2.053395119675083,-0.12321176140110601,0.04668956606924758,-0.36440943532198067
2003-04-01,-0.3575240272669662,0.0988650691243562,-2.2246165646381653,-0.0869799497263018,0.19842873731657604,-0.17122144496308245
2003-05-01,-0.27466527545607167,-0.15660908753279518,-2.0228911553733324,0.08285875181089453,-0.2554741566571514,0.20172540926483284
2003-06-01,-0.4580173532658663,-0.010084405899624678,-2.3843202580827914,-0.18335207780979462,0.1465246816331705,-0.36142910270945894
2003-07-01,-0.1697800509558915,-0.3847706227630949,-1.4526965088743926,0.2882373023099748,-0.37468621686347026,0.9316237492083987
2003-08-01,-0.126094334115935,-0.09838307025122224,-1.7424621005573904,0.04368571683995651,0.2863875525118727,-0.28976559168299776
2003-09-01,0.029293562692484214,-0.577365823433668,-1.834611762743648,0.1553878968084192,-0.4789827531824458,-0.09214966218625764
2003-10-01,-0.10715710279486847,-0.67107991512571,-1.7888401862266334,-0.13645066548735268,-0.09371409169204192,0.04577157651701458
2003-11-01,-0.14490898732889423,-0.7365858680593781,-2.242434495142742,-0.03775188453402577,-0.06550595293366812,-0.45359430891610875
2003-12-01,-0.07231600509049155,-0.8406138231745519,-2.0197509892878247,0.07259298223840269,-0.10402795511517382,0.22268350585491747
2004-01-01,-0.1251462627152697,-0.9134813433432537,-1.4909951004792736,-0.052830257624778165,-0.0728675201687018,0.5287558888085511
2004-02-01,-0.19505033571429337,-0.9407639294430142,-1.4008709757163698,-0.06990407299902365,-0.02728258609976053,0.09012412476290388
2004-03-01,-0.1910209010394035,-1.0187668110022272,-1.8403684529475208,0.004029434674889865,-0.07800288155921298,-0.43949747723115107
2004-04-01,-0.12371685571210807,-1.2954397660457306,-1.7819907388695064,0.06730404532729543,-0.2766729550435034,0.0583777140780144
2004-05-01,-0.019820621505229372,-1.1000779038824446,-2.185273016903804,0.1038962342068787,0.195361862163286,-0.4032822780342977
2004-06-01,-0.01439724296383518,-1.0083462306770534,-1.438826009008442,0.005423378541394193,0.09173167320539122,0.7464470078953622
2004-07-01,-0.03677714866812175,-1.2524643833145743,-2.0260430009653043,-0.02237990570428657,-0.2441181526375209,-0.5872169919568624
2004-08-01,-0.045701943270555476,-1.385680479874842,-1.9871391049861928,-0.008924794602433728,-0.13321609656026778,0.03890389597911148
2004-09-01,-0.18105006041047697,-1.2183005782752496,-1.7839001472882678,-0.1353481171399215,0.16737990159959248,0.203238957697925
2004-10-01,-0.09628512558293534,-1.5804669858309601,-1.8004939633141133,0.08476493482754163,-0.3621664075557105,-0.01659381602584542
2004-11-01,-0.27298927241159354,-1.2015990903866136,-1.7729855984899516,-0.1767041468286582,0.3788678954443465,0.027508364824161635
2004-12-01,0.028234732514193738,-1.481267634660818,-1.6422947275636828,0.30122400492578727,-0.2796685442742044,0.13069087092626885
2005-01-01,0.09438756007065144,-2.1242839209656768,-1.6841951078391078,0.0661528275564577,-0.6430162863048587,-0.041900380275424975
2005-02-01,0.05907901978800741,-2.228128710168489,-1.9327169106567867,-0.035308540282644026,-0.10384478920281204,-0.248521802817679
2005-03-01,-0.05716083137363182,-1.6672140390685934,-1.7805981426491106,-0.11623985116163923,0.5609146710998953,0.1521187680076761
2005-04-01,0.05507168067785294,-2.2065972523934563,-1.8624504284435501,0.11223251205148477,-0.5393832133248628,-0.08185228579443948
2005-05-01,0.11597926618266084,-2.39105657015129,-1.8085320137069554,0.060907585504807904,-0.18445931775783375,0.053918414736594755
2005-06-01,-0.12187266187195704,-2.0902993666777916,-2.5971740756586974,-0.23785192805461788,0.30075720347349844,-0.788642061951742
2005-07-01,-0.02017271429773949,-2.3527449779233884,-1.8004188022641696,0.10169994757421755,-0.26244561124559684,0.7967552733945278
2005-08-01,-0.04413798026043192,-2.3209456102906465,-2.2670975414506582,-0.02396526596269243,0.03179936763274194,-0.4666787391864886
2005-09-01,-0.08986711067291937,-2.4260761000945847,-1.7520194840160555,-0.045729130412487454,-0.10513048980393824,0.5150780574346028
2005-10-01,-0.020938980814027692,-2.3569530966110825,-1.837378800512667,0.06892812985889168,0.0691230034835022,-0.08535931649661155
2005-11-01,0.223469628434282,-2.5680978247688127,-1.3514572106124811,0.2444086092483097,-0.2111447281577301,0.48592158990018586
2005-12-01,0.10361218091959165,-2.368707130343436,-1.656178278298435,-0.11985744751469035,0.1993906944253765,-0.30472106768595375
2006-01-01,0.22083959534126577,-2.909323697243487,-1.650122644461565,0.11722741442167411,-0.5406165669000509,0.0060556338368698
2006-02-01,0.2413804719835328,-2.8062323654508603,-1.298308793850324,0.02054087664226703,0.10309133179262675,0.35181385061124115
2006-03-01,0.3502493502562049,-2.860087718766855,-1.4187051071634347,0.10886887827267211,-0.05385535331599467,-0.12039631331311074
2006-04-01,0.25030497242437894,-2.686906888176186,-0.8346359772779437,-0.09994437783182597,0.17318083059066902,0.584069129885491
2006-05-01,0.332043525802668,-2.748708280528416,-0.5830951621372136,0.08173855337828906,-0.061801392352230256,0.2515408151407301
2006-06-01,0.32647939372592033,-2.7432271776333494,-0.7309543716741167,-0.005564132076747663,0.005481102895066758,-0.14785920953690312
2006-07-01,0.2519742444222203,-2.509309217221841,-0.8118013254531209,-0.07450514930370006,0.23391796041150847,-0.0808469537790042
2006-08-01,0.04658470998616006,-2.2703598729349452,-0.9017730306921345,-0.20538953443606023,0.23894934428689574,-0.08997170523901366
2006-09-01,0.10297764545789835,-2.472359390818206,-1.2508738639908739,0.05639293547173829,-0.20199951788326098,-0.3491008332987393
2006-10-01,-0.08760169616902114,-2.2880933093452613,-0.700246107364455,-0.19057934162691947,0.18426608147294488,0.5506277566264188
2006-11-01,-0.21873651924180523,-1.9831796440057465,-1.4664876675667256,-0.1311348230727841,0.3049136653395148,-0.7662415602022705
2006-12-01,-0.1938943481064299,-2.2596017180381938,-1.2582268481486254,0.024842171135375346,-0.27642207403244723,0.20826081941810015
2007-01-01,-0.266618728011815,-2.0554403494449986,-0.5488744705006909,-0.07272437990538513,0.2041613685931951,0.7093523776479345
2007-02-01,-0.2235732754578717,-1.9929510404064266,-0.2887100043580474,0.04304545255394332,0.06248930903857208,0.26016446614264355
2007-03-01,-0.46082848830471,-1.8459218048403974,-0.726949686032986,-0.23725521284683831,0.1470292355660292,-0.43823968167493865
2007-04-01,-0.3946519591742316,-1.6615701888575252,-0.7423438183780577,0.06617652913047839,0.1843516159828722,-0.015394132345071698
2007-05-01,-0.4802139105314914,-1.5975243965845443,-0.8063733331006878,-0.08556195135725975,0.0640457922729809,-0.06402951472263008
2007-06-01,-0.36086218307772955,-1.556390765423613,-0.6839248931943512,0.11935172745376182,0.04113363116093116,0.12244843990633658
2007-07-01,-0.34935891236797934,-1.5871773792048869,-0.4193624244906572,0.011503270709750213,-0.030786613781273786,0.26456246870369404
2007-08-01,-0.4490313577474217,-1.5182126493331103,-0.606422179621454,-0.09967244537944236,0.0689647298717766,-0.18705975513079676
2007-09-01,-0.59693021858415,-1.3017543274747254,0.02894111922703271,-0.14789886083672826,0.21645832185838487,0.6353632988484866
2007-10-01,-0.5496884679761125,-1.4322377414739271,-0.06516955886338137,0.04724175060803748,-0.13048341399920171,-0.09411067809041408
2007-11-01,-0.733381333868317,-1.4329070522708014,-0.005423738388036217,-0.18369286589220457,-0.0006693107968742673,0.05974582047534515
2007-12-01,-0.9236814381691705,-0.8464408659689834,-0.17317446554546465,-0.19030010430085342,0.586466186301818,-0.16775072715742842
2008-01-01,-0.9423641948140743,-1.0009718910325665,0.1451847999284538,-0.01868275664490382,-0.15453102506358307,0.31835926547391846
2008-02-01,-1.2841563880538713,-0.629467791958267,-0.50811411965935,-0.34179219323979704,0.3715040990742995,-0.6532989195878038
2008-03-01,-1.2508587146076793,-0.5292315666553672,0.14250443666632132,0.033297673446192055,0.10023622530289977,0.6506185563256713
2008-04-01,-1.5328207238925518,-0.28007734585299077,-0.12919935914244537,-0.2819620092848725,0.24915422080237642,-0.2717037958087667
2008-05-01,-1.3252532639604362,0.19909417930293416,0.4834645893846728,0.20756745993211556,0.4791715251559249,0.6126639485271181
2008-06-01,-1.2172444452589974,-0.21313255483629998,0.6288123691814678,0.10800881870143875,-0.41222673413923416,0.14534777979679497
2008-07-01,-1.3421493162266054,0.005334450661380365,0.5348539224964519,-0.12490487096760794,0.21846700549768033,-0.09395844668501585
2008-08-01,-1.4745272434496703,0.4626621256032853,0.19884145441471765,-0.13237792722306496,0.4573276749419049,-0.33601246808173424
2008-09-01,-1.7047662048238827,0.6581046769320674,0.06589486515400757,-0.2302389613742124,0.19544255132878213,-0.13294658926071007
2008-10-01,-1.7535632356890143,1.2821652617452708,-0.2751064404225084,-0.04879703086513154,0.6240605848132034,-0.341001305576516
2008-11-01,-1.8460903148655212,1.7363784179886887,-0.17654967639713992,-0.09252707917650693,0.45421315624341796,0.0985567640253685
2008-12-01,-2.3626316942344787,2.403018780185102,-0.658017250524947,-0.5165413793689575,0.6666403621964134,-0.48146757412780705
2009-01-01,-2.412192306029965,2.9389915482685227,-0.004330134543761285,-0.04956061179548632,0.5359727680834205,0.6536871159811857
2009-02-01,-2.3949504247428717,3.033430852927739,-0.443045398382889,0.017241881287093364,0.09443930465921646,-0.4387152638391277
2009-03-01,-2.3856350657615217,3.3692295722957044,-0.39896607731327244,0.009315358981349942,0.33579871936796524,0.04407932106961654
2009-04-01,-2.6365319014111956,3.653127315103292,-0.47252000746176276,-0.2508968356496739,0.2838977428075875,-0.07355393014849032
2009-05-01,-2.587775673197328,3.936471547765558,-0.40201985191071504,0.048756228213867825,0.28334423266226594,0.07050015555104772
2009-06-01,-2.4709195603638663,3.8293060900835805,-0.7398463472270729,0.11685611283346153,-0.10716545768197738,-0.33782649531635783
2009-07-01,-2.4820903150522104,3.70919006376617,-0.8330380502749027,-0.011170754688344164,-0.12011602631741036,-0.09319170304782987
2009-08-01,-2.45780691254887,3.63252647087918,-0.9511453578131606,0.02428340250334049,-0.0766635928869901,-0.11810730753825782
2009-09-01,-2.5114582681473703,3.8579977333810334,-0.7359822746381985,-0.05365135559850032,0.22547126250185334,0.21516308317496202
2009-10-01,-2.5647378587281535,3.989545539759014,-1.0038370569939339,-0.05327959058078324,0.1315478063779807,-0.26785478235573534
2009-11-01,-2.540123332802957,3.8588909842397903,-1.243954183801646,0.024614525925196418,-0.13065455551922378,-0.24011712680771202
2009-12-01,-2.5727144042016357,3.9165809967003584,-1.0507805069603602,-0.03259107139867856,0.05769001246056815,0.19317367684128572
2010-01-01,-2.4221282962721213,3.8224018243293663,-0.8641775103946263,0.15058610792951432,-0.09417917237099216,0.18660299656573387
2010-02-01,-2.492257915834873,3.8298332127932873,-0.9577665848429321,-0.07012961956275188,0.007431388463920996,-0.09358907444830578
2010-03-01,-2.5015329287174732,3.786462694823063,-0.8621274828100095,-0.00927501288260002,-0.0433705179702244,0.09563910203292258
2010-04-01,-2.2552507110007487,3.5746603191370063,-0.6695890374311321,0.24628221771672454,-0.21180237568605653,0.19253844537887743
2010-05-01,-2.362830355318332,3.56524370679088,-0.4490372447347151,-0.10757964431758316,-0.009416612346126119,0.22055179269641695
2010-06-01,-2.2750621675755167,3.269484496272592,-0.46119373817899034,0.08776818774281514,-0.295759210518288,-0.012156493444275218
2010-07-01,-2.4757088285442785,3.6609391818110826,-0.38561290910150964,-0.20064666096876183,0.3914546855384904,0.0755808290774807
2010-08-01,-2.5546082733550315,3.5676421712390334,-0.40258013134241155,-0.07889944481075295,-0.0932970105720492,-0.016967222240901914
2010-09-01,-2.5397837528232783,3.4594857474988365,-0.33616251657079443,0.014824520531753205,-0.10815642374019685,0.06641761477161712
2010-10-01,-2.582809681690017,3.6108639839253516,-0.5001959985757037,-0.04302592886673873,0.15137823642651504,-0.1640334820049093
2010-11-01,-2.5721620102271174,3.57094011393721,0.03547335276380417,0.010647671462899577,-0.03992386998814146,0.5356693513395079
2010-12-01,-2.5865564805949,3.506684556829974,-0.2968845959896007,-0.014394470367782741,-0.06425555710723607,-0.33235794875340485
2011-01-01,-2.3835181644917824,3.1697017869664728,0.4491252161317917,0.20303831610311773,-0.3369827698635013,0.7460098121213924
2011-02-01,-2.296619920341699,3.1987626045699273,0.5558586494121324,0.0868982441500834,0.02906081760345458,0.10673343328034068
2011-03-01,-2.355341656707069,3.152719101270065,0.08230770681527858,-0.058721736365369814,-0.04604350329986229,-0.4735509425968538
2011-04-01,-2.418947692097187,3.2859197553199273,0.16166178637545095,-0.063606035390118,0.13320065404986225,0.07935407956017237
2011-05-01,-2.507751145562343,3.2784897916092572,0.08540359901013296,-0.08880345346515606,-0.007429963710670062,-0.07625818736531799
2011-06-01,-2.557371960243485,3.1592061444872366,0.23128783849509096,-0.0496208146811421,-0.11928364712202066,0.145884239484958
2011-07-01,-2.419052706115404,2.9585065051077932,0.47240766359962905,0.13831925412808088,-0.20069963937944335,0.24111982510453808
2011-08-01,-2.376465300631553,2.815410170514251,1.027881355160761,0.04258740548385109,-0.1430963345935421,0.555473691561132
2011-09-01,-2.6184235064004144,3.058972961407881,0.0687542723407519,-0.2419582057688614,0.24356279089362998,-0.9591270828200091
2011-10-01,-2.673061180668425,2.956225690538417,0.3271825768960704,-0.05463767426801036,-0.10274727086946411,0.2584283045553185
2011-11-01,-2.64089304691224,2.823135583526119,0.1288871684066336,0.03216813375618477,-0.13309010701229784,-0.19829540848943678
2011-12-01,-2.5306189014528058,2.64150192335094,0.7634049791070704,0.11027414545943426,-0.18163366017517912,0.6345178107004368
2012-01-01,-2.5811563018984955,2.548188163554085,0.9440937715272543,-0.05053740044568977,-0.09331375979685497,0.18068879242018387
2012-02-01,-2.8640766994104956,2.819042838722969,0.08691787324512636,-0.28292039751200004,0.27085467516888384,-0.8571758982821279
2012-03-01,-2.7295123534734107,2.6049795387504053,0.7094984483802811,0.13456434593708488,-0.21406329997256357,0.6225805751351547
2012-04-01,-2.675672080781058,2.514523165707313,0.4633723109992207,0.05384027269235281,-0.09045637304309251,-0.24612613738106037
2012-05-01,-2.8706739800449017,2.741456978362369,0.17658667444503257,-0.19500189926384381,0.22693381265505597,-0.28678563655418815
2012-06-01,-2.7714137690655063,2.5468361593261686,0.544822556578762,0.09926021097939541,-0.1946208190362002,0.36823588213372943
2012-07-01,-2.782446888803645,2.3732461040757213,0.5079113853355489,-0.011033119738138808,-0.17359005525044724,-0.03691117124321308
2012-08-01,-2.8873797037783797,2.3249456040172105,0.36147434511692034,-0.10493281497473461,-0.04830050005851083,-0.14643704021862858
2012-09-01,-2.974056780702518,2.2264962631146776,0.3143804489165365,-0.08667707692413851,-0.09844934090253288,-0.047093896200383845
2012-10-01,-2.947909887829891,2.1864220844674493,0.06659005021397751,0.02614689287262717,-0.04007417864722829,-0.24779039870255898
2012-11-01,-2.9617759469892615,2.412821439576997,0.25771116275758105,-0.013866059159370447,0.22639935510954778,0.19112111254360353
2012-12-01,-2.9317712841875823,2.4345917308248968,0.6243791705345931,0.03000466280167924,0.021770291247899642,0.3666680077770121
2013-01-01,-2.923051259238447,1.8845648167532874,0.01575704647191364,0.008720024949135041,-0.5500269140716094,-0.6086221240626795
2013-02-01,-2.9313283260974536,1.6660729223675967,-0.1598207184616302,-0.008277066859006421,-0.2184918943856906,-0.17557776493354385
2013-03-01,-2.85176014575567,1.4668538473765724,-0.25951386035474433,0.07956818034178381,-0.19921907499102431,-0.09969314189311412
2013-04-01,-3.2309702103076825,2.0820794837950887,-0.7285251667189004,-0.37921006455201267,0.6152256364185162,-0.4690113063641561
2013-05-01,-3.1007552391722966,1.8997393355044323,-0.5440014719704458,0.13021497113538594,-0.18234014829065637,0.18452369474845465
2013-06-01,-2.8988013096660126,1.800638386269652,-0.027811681799733673,0.201953929506284,-0.0991009492347803,0.5161897901707121
2013-07-01,-2.7489202545961566,1.4997531066775305,0.1945921967745195,0.14988105506985594,-0.3008852795921215,0.22240387857425317
2013-08-01,-2.6880845424353943,1.3844279095734497,0.3188893171187894,0.060835712160762334,-0.11532519710408073,0.12429712034426987
2013-09-01,-2.8079461787800386,1.5555556097507874,-0.008365367840528595,-0.1198616363446443,0.1711277001773377,-0.327254684959318
2013-10-01,-2.818525790589093,1.466808611683621,-0.28469921438572793,-0.010579611809054423,-0.08874699806716646,-0.2763338465451993
2013-11-01,-2.789590395360887,0.9823981809952751,-0.24521552541794361,0.028935395228205874,-0.4844104306883459,0.039483688967784314
2013-12-01,-2.8611301350798297,1.128475909005279,-0.23246930115279157,-0.07153973971894256,0.14607772801000385,0.01274622426515204
2014-01-01,-2.829466595903368,1.2433773689075003,-0.1268672271470042,0.0316635391764617,0.11490145990222134,0.10560207400578736
2014-02-01,-2.8189353654069027,1.1369626941138946,-0.1459703251602928,0.010531230496465316,-0.10641467479360567,-0.019103098013288577
2014-03-01,-2.7505069520626613,0.854835793005976,0.21831722350872437,0.06842841334424143,-0.2821269011079186,0.36428754866901714
2014-04-01,-2.7139037992469635,0.6904063063793869,0.2805456580145287,0.036603152815697815,-0.16442948662658907,0.062228434505804314
2014-05-01,-2.813859281077412,0.7476715581184277,0.1144232543938474,-0.09995548183044844,0.057265251739040735,-0.16612240362068129
2014-06-01,-2.9102445201204246,0.8763083139235573,0.24471574277316185,-0.09638523904301266,0.12863675580512968,0.13029248837931445
2014-07-01,-2.847576860044354,0.6545966186435899,0.07819911702862622,0.0626676600760705,-0.22171169527996748,-0.16651662574453563
2014-08-01,-2.9668804034647076,0.7442311372339527,-0.23973886250987364,-0.11930354342035354,0.08963451859036287,-0.3179379795384999
2014-09-01,-2.781139532483966,0.5343916355808916,-0.1115289812401792,0.18574087098074177,-0.2098395016530611,0.12820988126969446
2014-10-01,-2.9101295857607234,0.3239658356671317,0.11417581207906086,-0.1289900532767576,-0.21042579991375993,0.22570479331924004
2014-11-01,-2.941352001140232,0.4869850613053046,0.25739936511497397,-0.03122241537950865,0.1630192256381729,0.1432235530359131
2014-12-01,-3.0516698361798875,0.4270166453129789,-0.21120781494057478,-0.11031783503965542,-0.05996841599232572,-0.46860718005554874
2015-01-01,-2.9788613606186503,0.4371011459438504,0.0009915845149350369,0.07280847556123726,0.010084500630871518,0.2121993994555098
2015-02-01,-3.144255204808158,0.7839782174285995,0.13637023246611055,-0.16539384418950753,0.3468770714847491,0.13537864795117552
2015-03-01,-3.05698872418587,0.5883404051736265,0.4523504918570863,0.08726648062228781,-0.195637812254973,0.31598025939097574
2015-04-01,-3.0090136526685316,-0.0060358353501946335,0.36298502184825954,0.047975071517338375,-0.5943762405238211,-0.08936547000882678
2015-05-01,-3.101130219894663,0.340295442547525,-0.03531317982503834,-0.09211656722613126,0.3463312778977196,-0.3982982016732979
2015-06-01,-3.0397328592668855,0.12723318207411474,0.018759733968992318,0.06139736062777734,-0.21306226047341023,0.05407291379403066
2015-07-01,-3.0609105540688892,0.12423325444584625,-0.08904856680956581,-0.02117769480200371,-0.0029999276282684922,-0.10780830077855813
2015-08-01,-3.1888441792444224,0.20652826140058753,-0.2945205598338686,-0.1279336251755332,0.08229500695474128,-0.2054719930243028
2015-09-01,-3.0134878769897853,-0.23091711607310897,0.313574576410834,0.17535630225463716,-0.4374453774736965,0.6080951362447027
2015-10-01,-3.152992487439498,0.06391330526163501,0.37636193890424424,-0.13950461044971263,0.29483042133474396,0.06278736249341021
2015-11-01,-3.203922580306063,0.01310573961729078,0.042790707766792016,-0.050930092866565246,-0.05080756564434423,-0.33357123113745224
2015-12-01,-3.2576865043696164,0.17996742982796854,-0.35522185205056167,-0.05376392406355324,0.16686169021067776,-0.3980125598173537
2016-01-01,-3.151158883702438,0.0068647128710979215,0.04499460373572836,0.10652762066717836,-0.17310271695687063,0.40021645578629006
2016-02-01,-3.2870760217112815,-0.14504894607892796,-0.08978003529892363,-0.13591713800884353,-0.15191365895002587,-0.13477463903465198
2016-03-01,-3.3672984229426084,0.1298281418414075,0.007752790499171767,-0.08022240123132685,0.2748770879203355,0.0975328257980954
2016-04-01,-3.4187392097668168,-0.05639837644681135,0.3951803876822844,-0.051440786824208384,-0.18622651828821885,0.38742759718311265
2016-05-01,-3.398537771903399,-0.03807204146840837,-0.05953536921840065,0.02020143786341766,0.018326334978402983,-0.45471575690068505
2016-06-01,-3.3734587971133503,-0.28403615611958166,-0.2163957831152734,0.025078974790048836,-0.2459641146511733,-0.15686041389687277
2016-07-01,-3.460664842686368,-0.2436316897335398,-0.3002864127614604,-0.08720604557301792,0.040404466386041865,-0.08389062964618699
2016-08-01,-3.4186931614087936,-0.28042521528489395,0.19052709541427051,0.04197168127757456,-0.03679352555135415,0.4908135081757309
2016-09-01,-3.658118111885737,0.09191218536002661,-0.32080018015942563,-0.23942495047694345,0.37233740064492055,-0.5113272755736962
2016-10-01,-3.547917072730945,-0.15957294155427923,-0.674443091815337,0.11020103915479229,-0.25148512691430586,-0.3536429116559114
2016-11-01,-3.4405576945180067,-0.42162898624404016,-0.1394140512745713,0.10735937821293806,-0.26205604468976096,0.5350290405407657
2016-12-01,-3.3540654051049796,-0.5124414909922052,-0.07815346287480678,0.08649228941302711,-0.09081250474816499,0.06126058839976452
2017-01-01,-3.2999983046926085,-0.4786495830380792,0.29973648445553713,0.05406710041237117,0.033791907954125955,0.3778899473303439
2017-02-01,-3.2480780460593297,-0.5118290682139982,-0.0703938559180188,0.05192025863327876,-0.03317948517591901,-0.37013034037355597
2017-03-01,-3.540314519101615,-0.14688919167383394,-1.12857777291051,-0.2922364730422853,0.36493987654016424,-1.0581839169924911
2017-04-01,-3.471114275972111,-0.23329295576340708,-0.49342837325071753,0.06920024312950401,-0.08640376408957315,0.6351493996597924
2017-05-01,-3.4149936853309053,-0.39113834305318995,-0.3169125572231462,0.05612059064120567,-0.15784538728978287,0.17651581602757133
2017-06-01,-3.281128148395014,-0.7670070361429309,-0.14677759467605828,0.13386553693589143,-0.3758686930897409,0.17013496254708793
2017-07-01,-3.338613920191393,-0.7273961876289693,0.10052151333857806,-0.05748577179637904,0.03961084851396157,0.24729910801463634
2017-08-01,-3.37041736081758,-0.5785819269828771,0.31306655462260174,-0.03180344062618712,0.14881426064609216,0.21254504128402368
2017-09-01,-3.5504164438359034,-0.6367667955957311,0.05755700335655599,-0.17999908301832335,-0.05818486861285399,-0.25550955126604574
2017-10-01,-3.3008706351934864,-0.9316319152962986,0.12871272418968654,0.24954580864241693,-0.2948651197005675,0.07115572083313056
2017-11-01,-3.4321914388504076,-0.9524386359087034,-0.11677604341467643,-0.13132080365692111,-0.02080672061240474,-0.24548876760436297
2017-12-01,-3.4098643925870156,-1.126989655101001,0.2674805719134233,0.022327046263391992,-0.17455101919229765,0.38425661532809974
2018-01-01,-3.1927278695545183,-1.3953608077352855,0.6602209531371195,0.2171365230324973,-0.26837115263428446,0.3927403812236962
2018-02-01,-3.195205824920906,-1.2690386638219704,0.10106202477545898,-0.0024779553663876186,0.1263221439133151,-0.5591589283616605
2018-03-01,-3.206174461412796,-1.304649904124736,0.31646031591688234,-0.01096863649188995,-0.03561124030276552,0.21539829114142336
2018-04-01,-3.093764761699835,-1.3351979304334889,0.3205259114174149,0.11240969971296089,-0.030548026308752974,0.004065595500532537
2018-05-01,-3.0894291047017863,-1.4477178617608855,0.06572112700486005,0.004335656998048609,-0.11251993132739657,-0.25480478441255483
2018-06-01,-3.066541580423575,-1.2198887917858101,0.4482526914020464,0.02288752427821139,0.22782906997507535,0.38253156439718633
2018-07-01,-3.2232855382278287,-1.1902922324785494,0.3577246722223466,-0.15674395780425376,0.029596559307260684,-0.09052801917969977
2018-08-01,-3.0845282580697537,-1.3582449103249983,0.08519071256381433,0.13875728015807498,-0.16795267784644885,-0.2725339596585323
2018-09-01,-3.1060472646456363,-1.4165396731245705,0.6171626086106259,-0.02151900657588257,-0.05829476279957224,0.5319718960468116
2018-10-01,-3.146214176445265,-1.2266185206230928,0.4639625559566303,-0.040166911799628835,0.18992115250147767,-0.1532000526539956
2018-11-01,-3.0299003754105787,-1.3094503714405341,0.763182852861548,0.11631380103468647,-0.08283185081744127,0.2992202969049177
2018-12-01,-3.1686502506708094,-0.9657111457256097,1.2271407036767832,-0.13874987526023075,0.34373922571492443,0.4639578508152352
2019-01-01,-3.0555210630898197,-1.2189068697852659,0.7811562110933131,0.11312918758098967,-0.2531957240596562,-0.44598449258347006
2019-02-01,-3.1897565940587898,-1.1750459376959286,0.6958577355728788,-0.13423553096897,0.04386093208933728,-0.08529847552043435
2019-03-01,-3.267304672968262,-1.298593106309724,0.7389879024168108,-0.07754807890947246,-0.12354716861379544,0.043130166843932005
2019-04-01,-3.443328518470948,-1.470872490655749,0.5591290475707171,-0.1760238455026859,-0.17227938434602508,-0.17985885484609365
2019-05-01,-3.443451912119705,-1.258085352457714,0.21820470498741965,-0.00012339364875701975,0.21278713819803508,-0.3409243425832975
2019-06-01,-3.50227968885415,-1.3047194635308623,0.674571665833139,-0.058827776734444726,-0.0466341110731483,0.45636696084571937
2019-07-01,-3.5547156297025464,-1.3115700547777716,0.4368437346555924,-0.052435940848396534,-0.006850591246909232,-0.2377279311775466
2019-08-01,-3.5038710455266306,-1.7381686932132079,0.7895170468042214,0.05084458417591575,-0.42659863843543633,0.352673312148629
2019-09-01,-3.760367727060429,-1.278400970556558,0.3230810069471913,-0.25649668153379857,0.4597677226566499,-0.46643603985703014
2019-10-01,-3.6526840514080985,-1.596527478134749,0.7139658774741184,0.10768367565233072,-0.31812650757819094,0.39088487052692716
2019-11-01,-3.750216788567973,-1.5166570700384991,0.49821239138852463,-0.09753273715987465,0.07987040809624979,-0.2157534860855938
2019-12-01,-3.7177447413756086,-1.8009137634541188,-0.014684237365605745,0.03247204719236452,-0.28425669341561965,-0.5128966287541303
2020-01-01,-3.6490614795952547,-1.8795732892757493,0.46690533606041706,0.06868326178035389,-0.0786595258216305,0.4815895734260228
2020-02-01,-3.811156879886348,-1.6453368669734136,0.13985282140982902,-0.16209540029109348,0.23423642230233566,-0.32705251465058804
2020-03-01,-4.111419291398715,0.11227867029038874,0.1262288183935773,-0.30026241151236643,1.7576155372638023,-0.013624003016251718
2020-04-01,-3.7098341927863894,7.70536772696257,0.8276412756120213,0.4015850986123253,7.593089056672182,0.7014124572184439
2020-05-01,-3.7537050835188364,5.534771641155418,0.8692556373351833,-0.04387089073244699,-2.1705960858071522,0.04161436172316202
2020-06-01,-3.6711842827650925,3.226198208216496,1.3409210771326774,0.0825208007537439,-2.3085734329389216,0.4716654397974941
2020-07-01,-3.3268818788344823,1.755548476817779,2.653778035592792,0.3443024039306102,-1.4706497313987172,1.3128569584601144
2020-08-01,-3.8592770645926113,1.4241194872750238,0.9778584366145467,-0.532395185758129,-0.3314289895427551,-1.6759195989782452
2020-09-01,-4.086446628973912,1.2711341476357139,-0.5797446799171142,-0.22716956438130032,-0.15298533963930994,-1.557603116531661
2020-10-01,-4.119090725499008,0.6775855255426151,-0.2276766016157023,-0.0326440965250967,-0.5935486220930988,0.3520680783014119
2020-11-01,-4.026588775301544,0.3834022801967799,0.5043272965179966,0.09250195019746421,-0.2941832453458352,0.7320038981336989
2020-12-01,-4.027739694995836,0.1194451012109379,-0.030855662521102944,-0.0011509196942922628,-0.26395717898584203,-0.5351829590390995
2021-01-01,-4.039966816600361,0.8060163624708709,0.9060909624500596,-0.012227121604524882,0.6865712612599331,0.9369466249711625
2021-02-01,-4.192051972083625,0.35829422906915614,0.5751407126357875,-0.15208515548326407,-0.4477221334017148,-0.3309502498142721
2021-03-01,-3.6550210942757277,0.7979570695848262,2.6017497172832798,0.5370308778078976,0.43966284051567,2.0266090046474923
2021-04-01,-3.9181799189708753,-0.5580384712952571,1.494242469804697,-0.2631588246951475,-1.3559955408800832,-1.1075072474785828
2021-05-01,-3.9633048229012053,-1.0931521773852515,1.5007129329390507,-0.045124903930330085,-0.5351137060899944,0.006470463134353732
2021-06-01,-4.138359350529803,-0.8571779494979912,0.3499533762332648,-0.17505452762859752,0.2359742278872603,-1.150759556705786
2021-07-01,-4.213555810379068,-1.228191504824373,0.9228122397815877,-0.07519645984926537,-0.3710135553263818,0.5728588635483229
2021-08-01,-4.339400063037944,-1.307165320896323,0.9063900564103393,-0.1258442526588759,-0.07897381607194998,-0.016422183371248344
2021-09-01,-4.487870635842524,-1.4641641967393728,0.793377982920825,-0.14847057280458031,-0.15699887584304983,-0.11301207348951436
2021-10-01,-4.26771005851437,-2.2229362165437343,1.9095725679087674,0.22016057732815408,-0.7587720198043615,1.1161945849879424
2021-11-01,-4.280961907451788,-2.593199686752418,1.2563910090724437,-0.013251848937417599,-0.37026347020868355,-0.6531815588363237
2021-12-01,-4.280601222167409,-2.667931371666535,1.1479070757468857,0.0003606852843791586,-0.0747316849141173,-0.10848393332555806
2022-01-01,-4.233739814742662,-3.0748993404482112,2.1016981455504498,0.04686140742474709,-0.40696796878167607,0.9537910698035641
2022-02-01,-4.138180897393438,-3.3314560331030423,1.6883996669179748,0.09555891734922373,-0.25655669265483105,-0.41329847863247493
2022-03-01,-4.21028759836789,-3.4284477654686225,1.5906179577838464,-0.0721067009744516,-0.09699173236558023,-0.09778170913412843
2022-04-01,-3.9907516905745095,-3.7289392567316644,1.7805715181334258,0.21953590779338006,-0.30049149126304187,0.18995356034957944
2022-05-01,-3.7712678933443002,-3.8509836455985886,2.689057154823959,0.21948379723020928,-0.12204438886692426,0.9084856366905332
2022-06-01,-3.7492139803378586,-3.7866940548193218,2.538598904114343,0.02205391300644166,0.06428959077926688,-0.15045825070961616
2022-07-01,-4.104519065275355,-3.342629658391605,2.0162594369560822,-0.35530508493749613,0.4440643964277169,-0.5223394671582606
2022-08-01,-3.7914281654202955,-3.78016130968655,2.9212171277921533,0.3130908998550592,-0.437531651294945,0.904957690836071
2022-09-01,-3.649246152282177,-4.106616785210036,3.198956204541922,0.14218201313811862,-0.3264554755234865,0.2777390767497687
2022-10-01,-3.72088648969445,-3.6053610044965945,2.3650252727001004,-0.07164033741227316,0.5012557807134419,-0.8339309318418215
2022-11-01,-3.4193937858547048,-3.8144315275204317,2.3240723732428554,0.30149270383974525,-0.20907052302383722,-0.04095289945724501
2022-12-01,-3.7612035395211345,-3.5783681591920202,2.5774881616476693,-0.34180975366642974,0.23606336832841146,0.2534157884048138
2023-01-01,-3.596005502103263,-3.4991608327387236,2.705675106726567,0.16519803741787165,0.07920732645329664,0.12818694507889772
2023-02-01,-3.5125245788905435,-3.8306202269012353,2.743783654688952,0.08348092321271938,-0.3314593941625117,0.03810854796238505
2023-03-01,-3.58596527185063,-3.40656668460107,2.015876948956331,-0.07344069296008637,0.42405354230016545,-0.7279067057326212
2023-04-01,-3.742166810830058,-3.24810933411155,2.0678307742234048,-0.156201538979428,0.15845735048951992,0.05195382526707393
2023-05-01,-3.63878161765875,-3.430519906885755,1.5473031298221884,0.10338519317130768,-0.18241057277420492,-0.5205276444012163
2023-06-01,-3.9254487669669245,-3.0221242580361105,1.0638492069226289,-0.2866671493081743,0.4083956488496443,-0.4834539228995596
2023-07-01,-3.9257230347629046,-3.1478509244651227,1.2786377309703398,-0.0002742677959801654,-0.1257266664290122,0.21478852404771098
